b5i9v,arj,zip,rar,gz,gz2,xz,7z,bz2,tar,zip,cab
b5j7k,iso,mds,mdf,ccd,img,sub,cue,bin,nrg,bwt,bwi,bws,cdi
b7m2o,bmp,jpeg,jpg,png,gif,tiff,svg,webdm,ico,cdr,eps,wmf
c3t4s,hlp
d5g1v,chm
d5r4o,mp3,wav,ogg,flac
d7f2o,flv,mp4,avi,3gp,wmv,webm,mpeg,divx,mkv,m4v
w1t3b,flv
f4t3t,deb
f9j6j,rpm
g5f7m,patch
g9j9d,pdf
h2y4h,doc,docx,odt
i8k2z,xls,xlsx,ods
l3n4g,ppt,pptx,odp
l9k2n,c
m7t2p,cpp
n9o2x,h
o6i7b,log
o8j5k,html,htm,hta
p4f4q,css
p7g3b,php
q4u5x,pro
r7s4y,ttf,otf,fon,pfa,pfb,pfr,fnt
r9b7l,svg
s3b4b,sh,py,rb,vbs,ps1,AppImage,json,pl
t2h1s,bat,cmd
w1l5d,rtf,dot,csv,xml,txt,md,sam,asc,locale,mo,trans
w4c1d,conf,ini,asc,cnf,cur,ani,sys,mui,spl
x1q8u,exe,msi,scr,run
n7p9z,ovpn,vpn
o1q5j,pem,crl,crt,key,gpg,pub,rsa,rev,req,cer
t5d0x,sig
p5x6t,apk,tgz,zst
k9r9s,vdi,vhd,vmdk,vhdx,ova
j9p5i,acdb,acdc,adb,sql,adf,alf,db,dbf,dbc,dxl,kdb,mdb
t0l5m,desktop
p7m9c,info,nfo
g7z2i,dll,so,0,1,2
n2b2e,xml,msc
h7o6j,json
k0e1m,lic,license
y8w8p,man
c4i7v,py
